{
  "parent": "minecraft:item/generated",
  "textures": {
    "layer0": "inecraft:item/totem_of_undying"
  },
  "display": {
    "firstpersonn_righthand": {
      "rotation": [
        15.5,
        -90,
        55
      ],
      "translation": [
        0,
        4,
        0
      ],
      "scale": [
        0.65,
        0.65,
        0.65
      ]
    },
    "firstperson_lefthand": {
      "rotation": [
        15.5,
        90,
        -55
      ],
      "translation": [
        0,
        4,
        0
      ],
      "scale": [
        0.65,
        0.65,
        0.65
      ]
    }
  }
}