{
	"credit": "Made with Blockbench",
	"parent": "minecraft:item/handheld",
	"textures": {
		"layer0": "./dagger"
	},
	"display": {
		"thirdperson_righthand": {
			"rotation": [15, -90, 55],
			"translation": [0, -1.2, 2.5],
			"scale": [1.9, 1.9, 0.85]
		},
		"thirdperson_lefthand": {
			"rotation": [15, 90, -55],
			"translation": [0, -1.2, 2.5],
			"scale": [1.9, 1.9, 0.85]
		},
		"firstperson_righthand": {
			"rotation": [0, -90, 45],
			"translation": [0, 0.5, 0],
			"scale": [1.15, 1.15, 0.8]
		},
		"firstperson_lefthand": {
			"rotation": [0, 89, 135],
			"translation": [0, -1, 0],
			"scale": [1.15, 1.15, 0.8]
		},
		"ground": {
			"rotation": [90, 0, 0],
			"translation": [0, -3, 0.85]
		},
		"gui": {
			"translation": [0.25, 1, 0],
			"scale": [1.2, 1.2, 1]
		},
		"head": {
			"rotation": [-179.91, 11.6, 178.39],
			"translation": [-5, -25.75, 3.75],
			"scale": [2, 2, 2]
		},
		"fixed": {
			"rotation": [0, 180, 0],
			"translation": [-0.5, 1.75, 0],
			"scale": [1.65, 1.65, 0.7]
		}
	}
}